sequence,some_other_value
GTTGACAACTGGTTTTATATACAGTATAATAGAAAACCATGAGTAAAGTTATCACCATTT,1.066666667
GTTGACAACTGGTTTTATATACAGTATAATAGAAAACCATGAGTAAAGTTATCACCATTT,1.083333333
ggtgctacaTTTACGTCTTTTTACTTTTGGTTACCGCGCTGGATAAAAAAACAGTATAAT,1.083333333
GTTGACAACTGGTTTTATAatcgggCCATGAGTAAAGTTATCACCATTT,1.066666667
ACAACTGGTTTTATAatcgggCCATGAGTAAAGTTATCACCATTT,1.083333333
ATTAAAATGTTAACCGCGACGGCGTTGATGCCAGC,1.1
cgatcTTTACCTTACTTTACTAAACTTAATAAACCGCGCTGGATAAAAAAACAGTATAAT,1.1
ATTAAGGGGGTTTGCGTTGATGCCAGC,1.083333333
AGGAaaTGTGTGTGAAAAAAAAGTG,1.05
acctaGCAAAAGTCGAGTAAAATTAGGTAAACCGCGACCTGAATGAATATACAGTATAAT,1.066666667
TCTTTACATATATTTGCTTTACGCGTTTTTACCGCGACCTGTATATATCATCAGTATAAT,1.1
ATTAATGTTAACCGCGACAACGCTTAGTTTACTATAATAAGCTGGCGTTGATGCCAGC,1.1
GTGTACTTATCTTTTACCGCGAACTGTGATTTTATACAGTATAATTACATCTGATTTCA,1.083333333
cGTGTACTTATCTTTTACCGCGAACTGTGATTTTATACAGTATAATTACATCTGATTTCA,1.1
GTGTGTGTGTGAAAC,1.1
ATGCATGCATGCATGC,1.066666667
cGTGTACTTATCTTTTACCGCGAACTGTGATTTTATACAGTATAATTACATCTGATTTCA,1.116666667
cGTGTACTTATCTTTTAAACCCCCCCGAACTGTGATTTTATACAGTATAATTACATCTGATTTCA,1.05
cGTGTACTTATCTTTTAAACCCCCCCGAACTGTGATTTTACATCTGATTTCA,1.1
ATTAAAATGTTAACCGCGACAACGCTTAGTTTACTATAATAAGCTGGCGTTGATGCCAGC,1.066666667
TTTGCTGTGCTTTACTGTATATTCATTCAGGTACCGCGTTTACGCGTTATTTACTATAAT,1.05
ATTAAAATGTTAACCGCGACGGCGTTGTATATATATATAATGCCAGC,1.083333333
GGGGGAAAATGTCTATAATGCCAGC,1.083333333
GGGGGAAAATGTTAACCGCGACGGCGTTGTATATATATATAATGCCAGC,1.066666667