rank,sequence,score_cpxR,score_soxR
1,GTAGATGGTTTCACCAACGTGTACAATGGT,-3818.0,-12256.0
2,TTAGATGTTTTCACCGACGTCTAAGATTGT,-4229.0,-14537.0
3,TTAGCGTAGTTTACCGACGTCTAAGATTGT,-2653.0,-14547.0
4,TTAGCGTAGTTTACCGACGTCTAAGACTGT,-3849.0,-15013.0
5,TTAGCGTAGTTTACCGACGTCTCAGACTGT,-3891.0,-16187.0
6,TTAGCGTAGTTTACCGACGTCTCTGACTGT,-4337.0,-16187.0
7,TTAGCAATCATTACCGACGTCTCTGACTGT,-4714.0,-15155.0
8,TTAGCAATCATTATCTGCCGACACTGCTGT,-4799.0,-16590.0
9,TTAGCAATTATTATCTGCCGACACTGCTGT,-5637.0,-17813.0
10,TTAGCAATTATTATCTGCCGAGACTGCTGT,-6139.0,-16590.0
11,TTAGCTATAATCATCTGCCCAGACTCCTGA,-3318.0,-16807.0
12,TTAGCTATAATCAGCTGCCCAGACTCCTGA,-3694.0,-15818.0
13,TTAGCTATAATCAGATGCCCAGACTCCTGA,-3804.0,-16164.0
14,TTAGCTATAATCAGATGCCCAAACTCCTGA,-3662.0,-16529.0
15,TTAGCTATAAAAAGACTTGGTAACTCCTGA,-2821.0,-14828.0
16,TTAGCTGTAAAAAGACTTGGTAACTCCTTA,-3752.0,-14828.0
17,TTAGCTGTAAAAAGACTTGGTAACTCCTCA,-3752.0,-16002.0
18,TTAGCTGTAAAAAGACTTGGTAACTCCACA,-3752.0,-16372.0
19,TAGGCTGAAAAAGGACTTGGTGACTACACA,-5228.0,-16884.0
20,TAGGCTGAAAAACTTGAGGGCTACTACACA,-4596.0,-15643.0
21,TAGCCTGAAAAATATGTGGGCTACTACTGA,-3023.0,-17217.0
22,TAGCCTGAAAAATTTGTGGGCTACTACTGA,-3481.0,-17217.0
23,TAGCCTGAAAAATGTGTGGGCTACTACTGA,-3371.0,-16026.0
24,TAGCGTGAAAAATGTGTGGGCTACTACTGA,-3629.0,-16026.0
25,TAGCGTGAAAAATGTGTACACGGGTTCTGA,-3049.0,-14245.0
26,TAGCGTGAAGAATGTGTACACGGGTTCTGA,-3239.0,-14245.0
27,TAGCGTGAAGAATGTGTAAACGGGTTCTGA,-3090.0,-15453.0
28,TAGCGTGAAGAATGTGTAAACCGGTTCTGA,-3090.0,-16661.0
29,TAGCGTGAAGAATGTGTAAAATGGTATTGC,-1518.0,-15523.0
30,TAGCGTGAAGAATGTGTAAAATGCTATTGC,-3000.0,-16746.0
31,TAGCGTGAAGAATGTTTAAAATGCTATTGC,-2003.0,-15903.0
32,TGGCGTGAAGAATGTTTAAAATGCTATTGC,-2003.0,-15903.0
33,TGGCGCGAAGAATGTTTAAAATGCTATTGC,-3381.0,-15903.0
34,TGGCGCGAAGAATCCAAGGGGAGTCTTTGC,-6982.0,-14272.0
35,TGTCGCGAAGAATCCAAGGGGAGTCTTTGC,-6982.0,-13098.0
36,TGGCGCGAAGAATCCGAGGGGAGTCTTTGC,-7105.0,-15431.0
37,TGGCGCCAATAATCCGAGCGGAGTCATTGC,-6555.0,-14149.0
38,TGGCGCCTAGACTGCGAGCGGAGTGATTGC,-6841.0,-15103.0
39,TGTGGCACAGACTACGAGGGGGGTGATTGC,-6562.0,-14327.0
40,TGTGGCACAGAATACGAGGGGGGTTATTGC,-6186.0,-13107.0
41,TGTGGCACAGAATACGAGGGGGGTTTTTGC,-6186.0,-13102.0
42,TGTTGCACAGAATAGGAGGGGGGTTTTTGC,-6004.0,-11992.0
43,TGTTGCACAAAATAGGAGGGGGGTTTTTGC,-5919.0,-11918.0
44,CGTTGCACAAAATAGGAGGGGGGTTTTTGC,-5902.0,-10695.0
45,CGTTGCGCAAAATAGGAGGGGGGTTTTTGC,-5764.0,-10695.0
46,CGTTGCGCCCCATAGGAGGTTGTTTTTTGC,-6286.0,-12142.0
47,CGTTGAGCCCCTTATGAGGTTGTTTTTTGC,-5830.0,-12026.0
48,CGTTGAGCTCCTTATGAGGTTGTTTTTTGC,-5847.0,-10852.0
49,CGTTGAGCTCCTCATGAGGTTGTTTTTTGC,-6125.0,-9861.0
50,CGTTGAGCTCATCATGAGGTTGTTTTTTGC,-4835.0,-8687.0
51,CGTTGAGCTCATCATGAGGTAGTTTTTTGC,-4891.0,-7844.0
52,GGTTGAGCTCATCATGAGGTAGTTTTTTGC,-4891.0,-7844.0
53,GGTTGATCTCATCATGAGGTGGTTATGTGC,-6681.0,-8594.0
54,GGTTCATCTCATCATGAGGTGGTTATGTGC,-6786.0,-9685.0
55,GGTTCATCTCATCATGAGGTGGTTAAGTGC,-6650.0,-9626.0
56,GGTTCATCTCATCATGAGGTGGTTAAGCGC,-6144.0,-10800.0
57,GGTTCATCTCATCATGAGGTGTTTAAGCGC,-5579.0,-10800.0
58,GCTTCATCTCATCATGAGGTGTTTAAGCGC,-5579.0,-9577.0
59,GCTTCATCTCATCATGAGGTGTTTAAGCAC,-5579.0,-8403.0
60,GCTTCATCTCGTCATGAGGTGTTTAAGCAC,-4085.0,-9577.0
61,GCTTCATCTCGTCATGAGGTGTTTACGCAC,-3875.0,-10678.0
62,CCTTCATCTCGTCATGAGGTGTTTACGCAC,-3875.0,-10678.0
63,ATTTCATCTCGCCATGATGTGTTTACGCGA,-3958.0,-13967.0
64,ATTTCATCTCAACGGTATGTGTTTACGCGA,-5096.0,-11950.0
65,ATTTCATCTCATCGGTATGTGTTTACGCGA,-4429.0,-13124.0
66,ATTTCATCTCATCGGTGTGTGTTTACGCGA,-5735.0,-13391.0
67,ATTTCATCTCATCTGTGTGTGTTTACGCGA,-4915.0,-12217.0
68,ATTTCAGCTCATCTGTGTGTGTTTACGCGA,-4764.0,-12217.0
69,ATTTCAGCTCATCTGTGTGTGTTTACGCCA,-4764.0,-12217.0
70,ATTTCAGCTAATCTGTGTGTGTTTACGCCA,-3383.0,-13440.0
71,ATTTCAGTTAATCTGTGTGTGTTTACGCCA,-1999.0,-14663.0
72,ATTTCAGTAAATCTGTGTGTGTTTACGCCA,-666.0,-15562.0
73,ATTTCGTTCTTCCCGTTGGAGTTTACGCCA,-6055.0,-17288.0
74,ATTTCGTTCTTCCAGTTGGAGTTTACGCCA,-5435.0,-18093.0
75,ATTTCGTTCCTTAATTTGGAGTTTACGCCA,-4374.0,-17105.0
76,ATTTTGTTCGTTAATATGGAGTTGACGCCG,-4504.0,-16962.0
77,ATTTTGTTCGTTACTATGGAGTTGACGCCG,-4394.0,-16065.0
78,GTTTTGTTGGTTACTATTGTGTTGACTCCG,-4226.0,-15964.0
79,GACTGGATGCAGCCCGATGGTTGGTCTCCG,-4596.0,-16442.0
80,GCATTAGGTTTTCGACCCGGTCGTCCTCCG,-5516.0,-15729.0
81,GCATGAGGTTTTCGACCTGTAAGTCCTCCG,-3241.0,-15501.0
82,TAAGGAGGTTTTCTACCTTTAAGTCTTCCG,-3762.0,-12125.0
83,TAAGGAGATTTTCTACCTTTAAGTCTTCCG,-3772.0,-12125.0
84,TAAGGAGAGTTTCTACCTTTAAGTCTTCCG,-2278.0,-12968.0
85,TGAGGAGAGGTTCCACCTTTGCGTCATCCG,-4404.0,-15301.0
86,AGGGGAGAGGTTCCGTACTTGCCTCATCCG,-2930.0,-15619.0
87,AGGGGAGAGGCTCCGTACTTGCCTCATCCG,-4296.0,-15619.0
88,AGGGGCGAGGCGTGGTATTTGCCTCATCCG,-6020.0,-18539.0
89,TGGGGCGAGGCGTGGTATTTGCCTCATCCG,-6020.0,-17365.0
90,TGGGGCGAATCAGCGGTTACACCTCATCCG,-5562.0,-19732.0
91,TCGGTCCAATCAGCGGTTAAACCTCATCCG,-6316.0,-17408.0
92,TCGGTCCAATCAGCGGTTAATCCTCATCCG,-6320.0,-18020.0
93,TCGGTCCTAACACCAAAGAAGAACCGTCCG,-5928.0,-15438.0
94,TCGGTCCTAACACCAAAGAAGCCAGCGCCG,-5928.0,-16138.0
95,TCGGTCCCAACAGCGAAGAAGCCAGCGCCG,-5923.0,-15442.0
96,TCGGTCCGTTGTTGGCACTAACCAGCGCCG,-3038.0,-18811.0
97,ACAGACCGTTGTTGGCACTAACCAGCGCCG,-557.0,-17739.0
98,ACAGACCGTTGTTGGCACTAACCAGCGCTG,-557.0,-17739.0
99,CCAGAACGTTGTTGGCACTAACGAGCGCTG,-901.0,-15565.0
100,CCCGAACGTTGTTGGCACTAACGAGCGCTG,-1821.0,-16516.0
101,CCCGAACGTTGTTGGCACTAACGAGCCCTG,-1821.0,-16516.0
102,CCCGAACGTTGTGTGGGGGAATGAGCCCTG,-5507.0,-15906.0
103,CCCGAACGTGGTGTGGGGGAATGAGCCCTG,-5265.0,-15906.0
104,CCCGAACGTGGTGCCAGAAGAACAACCCTG,-5634.0,-16570.0
105,CCCGAACGTGGAGCCAGAAGAACAACCCTG,-4721.0,-15588.0
106,GCCGAACGTGGAGCCAGAAGAACACCCCTG,-4598.0,-16689.0
107,GCCGAACGTGGAGCCAGTAGAACACCCCTG,-3701.0,-16689.0
108,GCCGAACGTGGAGCCAGTAGAACACCCGTG,-3701.0,-16689.0
109,GCCGAACGTGGAGCCAGTAAAACACCCGTG,-2335.0,-16689.0
110,GCCGAACGTGGAGCCAGTAAAACTCCCGTG,-2335.0,-16689.0
111,GCCGAGCGTGGAGCCAGTAAAACTCCCGTG,-2289.0,-16807.0
112,GCCGAGCGTGGAGCCAGTACAACTCCCGTG,-2467.0,-16807.0
113,GCCGAGCGTGGAGCCAGTACAACTCCCGTA,-2467.0,-16807.0
114,GCCGATCGTGGAGCCAGTACAACTCCCGTA,-2442.0,-16663.0
115,GCCGATCGTGGAGCCAGGTTAACTCCCGTA,-1784.0,-13324.0
116,GCCGATCAGGGAGCCAGGTTAACTCCCGTA,-2120.0,-14498.0
117,GCCGATCCGGGAGCCAGGTTAACTCCCGTA,-1952.0,-13275.0
118,GCCGATCCGGGAGCCAGGTTAACTCCCTTA,-1952.0,-13275.0
119,GTTGGTTCGGAAGCCAGGTTAACTCCCTTA,-1443.0,-12407.0
120,TTTCGTTCGTAAGCAAGGTGAACTTCCTTA,-1101.0,-11506.0
121,TTTCGTTCGTAAGCAAGGAGAACTTCCTTA,-2121.0,-12680.0
122,TTTCGTTCCTAAGCCAGGAGTACTTCCTTA,-5357.0,-13523.0
123,TTTCGTTCCTAAGCCAGGACTACTTCCTTA,-5357.0,-13523.0
124,TTTCATTGTGGAGGTCAATTAAGCTCCTTA,-3768.0,-11700.0
125,TATCATTGTGGAGGTCAATTAAGCTCCTTA,-3768.0,-12874.0
126,TATCATTCTGGAGATCCATAAAGCTCCTTA,-3694.0,-13999.0
127,TAACATTCTGGAGATCCATAAAGCTCCTTA,-3933.0,-12825.0
128,TAACATTCTGGAGATCCATGAAGCTCCTTA,-4657.0,-12825.0
129,TAACATTCTGGAGATCCATGAAGCTCCTTT,-4657.0,-12825.0
130,TAACATTCTGGCGATCCATGAAGCTCCTTT,-4334.0,-13999.0
131,TAACATTCTGGCGATCCAAGAAGCTCCTTT,-4895.0,-15173.0
132,TAACATTCTGGCAATCCAAGAAGCTCCTTT,-4149.0,-15963.0
133,TAACATCCTGGCAATCCAAGAAGCTCCTTT,-4410.0,-14740.0
134,TAACAACGTCGCCGGGACTTCCTAGATTTT,-4634.0,-13967.0
135,TAACAACGTCGCCGGCACTTCCTAGATTTT,-5722.0,-13967.0
136,TAACAACGTCACCGGCACTTCCTAGATTTT,-4711.0,-12793.0
137,TAACAACGTCACCGGCACTCCCTAGATTTT,-5114.0,-13967.0
138,TAACAACGTCACCGTCATTCCCTAGAGTGT,-4459.0,-13156.0
139,TAACAACGTCACCGTCATTCCGTAGAGTGT,-5501.0,-13156.0
140,TAAGCACCCCGACAGGCGAACGCATCGTGT,-6170.0,-15501.0
141,TAATCACCCCGACAGGCGAACGCATCGTGT,-4792.0,-15501.0
142,TAATCACCCCGACAGGCGAACGCATCGGGT,-4792.0,-15490.0
143,TAATCACCCCGACAGGCGAACGCATCGGAT,-4792.0,-15490.0
144,TAATCACCCCGACAGGCGAACGCGTCGGAT,-4792.0,-15403.0
145,GAATCACCCCGACAGGCGAACGCGTCGGAT,-4792.0,-15403.0
146,GAATAACCCCGACAGGCGAACGCGTCGGAT,-4792.0,-14459.0
147,GAATAACCCCGAGAGCGTGCCAAATATCAT,-5336.0,-12977.0
148,GAATTACCTCGAGAGCGTGTTAAATATCAT,-5154.0,-9528.0
149,GCATTACCTCGAGAGCACGTTAAATATAAT,-4371.0,-6830.0
150,GGATTACCTCGAGAGCACGTTAAATATAAT,-4371.0,-8053.0
151,GGATTACCTCGAAAGCACGTTAAATATCAT,-2990.0,-9244.0
152,GGATTACCTCGAAAGCACGTTAAATTTCAT,-2990.0,-9303.0
153,GGATTACCTCGAAAGCACGTCAAATTTCAT,-3938.0,-9303.0
154,GGCTTGTCTCCATGACACGTCAAATTTCAT,-4204.0,-11117.0
155,GGCTTGTCGCCATGACACGTCAAATTTCAT,-2710.0,-11117.0
156,GGCTTGTCGCCATGTCACGTCAAATTTCAT,-2764.0,-9943.0
157,GGCTTGTCGCCATGTCACGTCAAATATCAT,-2764.0,-9884.0
158,GGCTTGTCGCCATGTCACGTCAAGTTTCAC,-2469.0,-8720.0
159,GGCTTGTCACCCCGTCACGTCAAGTTTCAC,-5046.0,-9894.0
160,CGTTTGTAACCCTGTCCCGTCAAGTTTGAC,-4775.0,-12859.0
161,CGTTTGTAACACGGTCCCCTCACCTTAGAC,-5669.0,-12891.0
162,CGTTTGTAACACGGTCCACTCACCTTAGAC,-4285.0,-14099.0
163,GGTTTGTAACATGGTCCACTCATCTTAGAC,-3004.0,-14099.0
164,GGTCTGTAACATGGTCCACTCATCTTAGGC,-2709.0,-16147.0
165,GGTCTGTAACATGGTACACTCATCTTAGGC,-1889.0,-14973.0
166,GGTCTGTCACTTGGTACACTCATCTTAGGC,-3173.0,-14551.0
167,GGTCTGTCACTTGGTATACTCATCTTAGGC,-2770.0,-14551.0
168,GGTCGGTCACTTGGTATACTCATCTTAGGC,-3203.0,-14551.0
169,GGTCGGTCCGGTTTATCTGGTATCTTAGGC,-2290.0,-16206.0
170,GGTCGGTCCGGTTTAGCTGCATTTCCAGGC,-5564.0,-15015.0
171,GGTAGGTCCGGGTTTGCTGGATGTCCTGGC,-5627.0,-12042.0
172,GGTAGGTATGCGCCATGGTTCGTTCCTGGC,-5458.0,-15881.0
173,GGTAGGTATGCGCCACGGACGGAACCTGGC,-5437.0,-18229.0
174,GGTAGGCATGCGCCACGGACGGAACCTGGC,-5420.0,-17006.0
175,GGTAGGCATGCGCCACGGACGGAACCTGTC,-5420.0,-17006.0
176,GGTAGGCATGCGCCACGCATGGAACCTGGC,-4585.0,-15816.0
177,GGTAGGCATGCGGCACGCATGGAACCTGGC,-4585.0,-15500.0
178,GGTAGGCATGCGGCACGCATGGAACTTGGC,-5515.0,-15365.0
179,GGTAAGCATGCGGCACGCATGGAACTTGGC,-5015.0,-15549.0
180,GGTAAGCATGCGCCGCGCATGGAACTTGGT,-6399.0,-16656.0
181,GGTAGGCATGCGCCGCGCATGGAACTTGGT,-6743.0,-15565.0
182,GGTGCATAGCGCCGCCCTGTCGTACTGGGT,-5063.0,-17937.0
183,GGTGCATAGCGCCGCCCTGTCATACTGGGT,-4785.0,-19160.0
184,AGTGCATAGCGCCGCCCGGTCATACTAGCA,-5932.0,-18059.0
185,AGTGAATATCGCCGCCCGGTCATACTAGCA,-5921.0,-16885.0
186,AGTGAATATCGCCGCCCGGTCAGACTAGCA,-5334.0,-16675.0
187,AGTGAATAACGCCCCCCGGTCAGACTAGCA,-5792.0,-17104.0
188,AGTGAATAACGCCCCGCGGTCAGACTAGCA,-5955.0,-17104.0
189,AGTGAATAACGCCCCGCGGGCAGACTAGCA,-5845.0,-16680.0
190,GGTGAATAACGCCCCGCGGGCAGACTAGCA,-5845.0,-16680.0
191,GGTGGATAACGCCCCGCGGGCAGACTAGCA,-5845.0,-17854.0
192,GGTGGATAACGCCCCGTGGGCAGACTAGCA,-4585.0,-17932.0
193,TGTGGATTACGCCCCCTGGGCAGACTAACA,-4591.0,-17606.0
194,TGTGGATTACGCCCCCTAGGCAGACTAACA,-4378.0,-17201.0
195,TGGGGATTACGCCCCCTAGGCAGACTAACA,-4378.0,-18375.0
196,TGGGGATTACTTACACTAGGCAGACTAACA,-3029.0,-17250.0
197,TGGGGATTACTTACACTTGGCAGACTAACA,-3085.0,-17438.0
198,TGGGGATTACTTACACTTGGCAGACCAACA,-3075.0,-18095.0
199,TGGGTATTACTTACACTTGGCAGACCAACA,-3075.0,-16994.0
200,TGGGTATTACTTACACGCGCCGGACCAACA,-4679.0,-16977.0
