id,sequence,details
164ef186e94d20f4a7d41c593b036039f27a8771,attggGCAAAAAAATGTAAAAGATAAGTACACCGCGACCTGTATAAATAACCAGTATAAT,1
332f9fd104b9b5a06cb2294ad98988b2a5f5bd9f,tacgcGTAAGTGCATGTAAAATTCAGGGAAACCGCGTACTGTACATCCATACAGTATAAT,2
5c2c90f427375e5bc74e3e6ba1874f5f0841c541,atcgaTTTTTCAATTTTTTACAATATAATTACACCGCGCACTGTATAAAAATCCTATAAT,3
eb858d6078fbd5e55f0206a6c70ac51de134d639,tagccGTAACCAAAAGTAAATAACGCGTAAACCGCGAACTGAAAAATGGCACAGTATAAT,4
5e6c947f90a15eb4de432edacb8d3f0c1a5438e1,acacTGTAACTAAATGTAAAAGATAAGTACACCGCGTACTGTTTATTTATACAGTATAAT,5
ad5a7c9a11d874ee42fbe378bd5e08118a472841,taggtTGCATTATTAGTAAAAGATAAGTACACCGCGTACTGTATGAGCATACAGTATAAT,5
a064147d29cdf579b054daf0c6fa84a9aee68532,ctttcTTTTCATCCCTTTACATGCACTTACACCGCGACCTGTATAAATAACCAGTATAAT,7
abc821472249908b196893885e8c7a2f2d0bba7b,gaTTTACCCATCTTTACCGCGTACTGTATGAGCATACAGTATAATGTAAAAGCTTGTAAG,8
1d68f7902c599b3293ea9ebe956ba4b391fc55ee,tatgcGTTTCCCTGAATTTTACCTAATTTTACCGCGTACTGTTTATTTATACAGTATAAT,9
251467f31b0ae973d1b4fbaceea8620c03dec97d,ttccaGTTAACTTGTATTTACAATTTCATTACCGCGTACTGTATGAGCATACAGTATAAT,10
94332b7da64a6c5c775cc586bc16ca4bed2fabfa,tcTTTACACAGGCTGACCGCGTTTACCATGCGCTTACGTATAATGCATTTATCTAACCAG,ES5p
ecad7e1080a7113efef59b4b59b936d9dfa2bc80,gtcaCGTAAGCGCATGGTAAAGCACAGCAAACCGCGGCTGCGCTTATCGACAGTTATAAT,ES9p
b3071b0368021a467f521e729cc8db4fa8711dc3,gcgCAAAGAATACTTGACCGCGCTGGATAAAAAAACAGTATAATGGTAAAACGGCGGAAA,ES13p
8800becabdcbb3ebfdfcbef59d008189736e6cd6,gcgaaGCAAATATATGTAAAGCACTGAAAGACCGCGGCTGCGCTTATCGACAGTTATAAT,ES15p
f41f3e9c3206e70b283fb1923e6d64d6c07a01a8,gtacTTTCCGCCGTTTTACCGCGTACTGTATATAAAAACAGTATAATGCATTATTAGTAA,ES16p
fa287aa39aed99e62709d1e574c9d8e3f83662d2,gtacTTTCCGCCGTTTTACCGCGCTGGTTAGATAAATGCTATAATGCAAGTATAAGTCAA,ES17p
