sequence,bio_type,alphabet,source
CGTAATGCCTTTCCCTAACAGAGTTTTTCGAACTCGTGTT,dna,dna_4,template_demo
GTCGAGCGACGGAATTAGATCAGTTAAATGGCAGAAAACTGGCAGGGCTTTTAGTCGTGG,dna,dna_4,template_demo
GATGATCAGTGGGTAAAGGTGGCGCGGGGTAACGCGCGCTAAGGCTCAGCTGCAACGCGG,dna,dna_4,template_demo
AGCTGGTGTGTTATCCATTCATGGCAGACAACTAATACGCATAAGCGTAGCCAACCGCAT,dna,dna_4,template_demo
TAGCGTATGAACAAAATAATGCGAGTTGGGCGTACATACAGTTATAGTGTTTACCGATCT,dna,dna_4,template_demo
AGGGATATAGAATCCTAAATCAGAAATGGAACAAAGCACC,dna,dna_4,template_demo
CTTGGTGTATCTCTTCTCCATTTCCGCCGCGTGCGAGTTCCGCGTCTTCTATATATCCAC,dna,dna_4,template_demo
CCGCCAGCAGCTAAAAGGAGTGAAGGTTTACTTCGAGATATGAGGTGG,dna,dna_4,template_demo
GATGAGCCCGTAACGTGCTTGCAACTGAGGTACATGCGGT,dna,dna_4,template_demo
AGTACGAAACCTTCCTCCCCGGGATTTGGTGTACAACTCTCCCATAGC,dna,dna_4,template_demo
TAAAGCATAGGGGCAAAGCACTCTGAATACCTTTATCTGA,dna,dna_4,template_demo
TTTCTAGGGTGTCACGGCTCCCACTCACACTTCAATTGTAACTATTAC,dna,dna_4,template_demo
ATTCCGAGAAGGTGTCGAGGGAATAAAAAACATACGCTGT,dna,dna_4,template_demo
ATGTAGCTATGTCTGCGTTCTTGGCTTACCATAAGCAATTGGAACTAG,dna,dna_4,template_demo
GATACCACCAACGCCTGCTCAAAAACGAATTCATGTTAGTTCAATGAGGCTAGTACCGAG,dna,dna_4,template_demo
TTAGCGCCCTTGCTTTTAGACAACGATACCGTTAGTCGCA,dna,dna_4,template_demo