tf,tfbs
TF_A,TAAACCTATTTGAAGG
TF_A,TGAATGAAGCGCTTAAACA
TF_A,TGGTATCGATACGTA
TF_A,TATTCTTTCCAATCCT
TF_A,GTTACTTATTAGGTTCTC
TF_A,TTGCAGTAATTAACCGAC
TF_A,TTATGTGGACGTTGTATAG
TF_A,TAACCGATACATACTGGTTT
TF_A,GATATACTCATGGTAG
TF_A,TGTAACGCATAATCGAAGAG
TF_A,AGCATGTACAAGTAACCT
TF_A,TATTAAGCACGGTGTTAA
TF_A,CTTCTGTTTAGTGGGCTAAA
TF_A,GAACCAAGTTTTTGCAGTAG
TF_A,TATTGGAGAGTTAAGG
TF_A,ATTATCGTCATAGAC
TF_A,CTAGCGAACTTAATAC
TF_A,TATGGTCTGTAACTTTTCG
TF_A,CCGTACTATATCTTATGAT
TF_A,ACAATGAAATAGTCCTG
TF_A,TTTACGACTCCAAGTTTC
TF_A,TGCGCAATACCAAATA
TF_A,GGACACTTTAAAGAGTAG
TF_A,ATCTGATTCGCGCTTATTTT
TF_A,TCCTTACTTTACCGAA
TF_A,CCGTAGATCCTTTTTTT
TF_A,GCTTCGTTTAATGGTT
TF_A,AAATAACTTATCCGCGAGGA
TF_A,CATGCTAAACTACCTAA
TF_A,TTGCTAAAAGCAATGT
TF_A,ACAAACATGTCCATC
TF_A,ACTGTAACTAATCCG
TF_A,GAGAAACTCAGAATACTT
TF_A,ACAAGTCATTTCTGATACA
TF_A,CTACTTTTTTAACGAG
TF_A,AAAAATTTAGTCCAGTAGC
TF_A,CAAAATCAAAGCTGGTA
TF_A,TTCTGACTTATTAAGGAC
TF_A,TTAAAGCTGGACTGT
TF_A,CTACATGAAAACGAC
TF_A,TAACTTAAGCGAATTG
TF_A,AATTGAGCAACTATAG
TF_A,GTCTAGATAAGGTTACATAG
TF_A,CATAATAATTCTGGG
TF_A,CCATATGATCGTAATGTAA
TF_A,ATCGAGAAGAGACTTGTTT
TF_A,ACTTTCTTTTGCCTAT
TF_A,CGTGAATGATACGTAACTAG
TF_A,GAACTTTGTCTTTGCTAGTT
TF_A,ATAATGCGGCAAAAC
TF_A,TCATGAAAAGTATCAATGC
TF_A,GTATTTTACATTAGGGTAAG
TF_A,TCAAATCACTGTGAC
TF_A,TAATGAGTGCAGAGAAT
TF_A,TGAAGGTTATGTGACTAAT
TF_A,ATATCTGAGTCTGTG
TF_A,GTATGTGTCTGTCAT
TF_A,GCATATTAACTTACAGCGCT
TF_A,CTTGGTGTTTGCTAA
TF_A,TTCCAAAATACTGCGAA
TF_A,GCTTCGTTATTTCATG
TF_A,CATAAAGGATGATCCAA
TF_A,GATTTGTACGAGTGT
TF_A,TTGAGATGCCAGGAATAT
TF_A,GCAATTAAAAACACGCGTT
TF_A,TCAGCGTACTTAAATCTCTA
TF_A,TTGTTTTTCCCTTCACT
TF_A,TAGTATAGTCTAGTGA
TF_A,TTATATCAGACCGTTAC
TF_A,AATAGTGTCAATGCTACAGG
TF_A,TTGATTGACAGTTGATC
TF_A,ATTTTAGATGCAAAACCGG
TF_A,TTTAAGTGGTCTCCTTTCA
TF_A,ATAATTGTCTAAGACG
TF_A,TTTAACTCTGCCAACGATCA
TF_A,AGCTGCCACTAATGTAAATC
TF_A,TATTAGCCGTTGTGTT
TF_A,TTAGTTATGCCACTAG
TF_A,GTCTCAACTTGCTAT
TF_A,TGTGAAAAATCATGACTTTG
TF_A,CAGACTATTAACACCATGA
TF_A,TAGATGGGAAGCTGAATT
TF_A,CCTGATTTCGTTCAA
TF_A,CTTACAATTAAAACCAGC
TF_A,TTTCTATCACGACAGTCA
TF_A,ATGAAATCACGCACAATCCT
TF_A,ATTAGTAATCGTCAGA
TF_A,ATGCTAAGAATATGGGGTAG
TF_A,ATGTTAGAACAACAGTCC
TF_A,AGTCCTTGATGGAAT
TF_A,AGTATCTAAAGCCCAA
TF_A,TAATACGCGCGATCTATT
TF_A,AAGAGAGTGAAACCT
TF_A,ATTAAGTTCCGTATCACC
TF_A,TAAACCAATTGCCACTTAA
TF_A,TCCTGGCATTTAACGAATCA
TF_A,TATCGAAATCGTTGC
TF_A,GGTGAAGTTATTTAC
TF_A,TGTACATACACTTGC
TF_A,GTTCTGAATTTGACGA
TF_A,AAATTACGGACCAGA
TF_A,TCGAAATAACATCGGTAG
TF_A,TAGCTTGCGTTAATATCACA
TF_A,CTAATTCTCTTAGATG
TF_A,TTAGGAATTTCTAAGACCCA
TF_A,AATAGAGCAGGCGATTAA
TF_A,CTCGGTTAGTCCTATAGATA
TF_A,GCTTATTTAGTGATGT
TF_A,GGACTTACAGGCTTATGAAT
TF_A,CATTTTCACCATAGCCTA
TF_A,CTCCTAGCCTAAATTTAT
TF_A,AACCGTTATTCGTAAAG
TF_A,AACATCATGTTCGACGTTA
TF_A,CCGACTATATCTATTTC
TF_A,GATAATTTAGGGATGCAT
TF_A,AGATACTATCCAAGC
TF_A,TAATTTTCAGTTGCG
TF_A,TGATCAGGATGATTCT
TF_A,AACGTTAGTTATTACCAGA
TF_A,CGCTGATTTTACATA
TF_A,TAGAATTTTTCGCAGGCTGT
TF_A,GCATTCTCGCTTTTTTTT
TF_A,CTCCTGTCCTGAAAAAAAGA
TF_A,TATCTGCACTAACTTT
TF_A,AAGACTGAAACCACA
TF_A,AATCCAATGCTCTCTGATCA
TF_A,CAGTTTGTTTTCCTTA
TF_A,GAATAGTCTTCTGAGT
TF_A,GATGATTATTCACTCAG
TF_A,GTATAACACCTAGAG
TF_A,AAAAAGAGTTCAAGC
TF_A,ACTGGATACCATTAA
TF_A,AACATTGCTAGGTCTAA
TF_A,TCTAACCCATTGTAGATTAG
TF_A,TACCTGCGTATAGTA
TF_A,GTTCCTTCCGTATATA
TF_A,TTTCTTAGCTTGGAT
TF_A,CTCACCAATCAGTTTTTG
TF_A,TGCAACAGTACTCTAA
TF_A,TAGATTTCTTAGGAGCTTT
TF_A,AAAACCTTAGGAGCA
TF_A,CACTCTATAAGTAGA
TF_A,AGGACAAAATATGTAGCC
TF_A,AAAGCAACTATGAAC
TF_A,TTATTAAAAGCTGGAGG
TF_A,TCCTTGACCAAGAAT
TF_A,AATTAACCACTCCTG
TF_A,AGTACACTGTTGGAT
TF_A,GAGCTAGAGCTTTTA
TF_A,AACTAACACGTTAATCTAG
TF_A,AAAGTAAGAGGCATGCTTT
TF_A,TGTCATCTTCCGAATTTA
TF_A,GTATATACCAACATAC
TF_A,TTCTCCACGTAGCTATTTAT
TF_A,AAGGTTATAGCCTTTTCCAT
TF_A,TAATTTTCTTCCGCTAG
TF_A,TGAAGCAGAAGCTTATAC
TF_A,CAGCATTCATACTATCAT
TF_A,GCTGCACATTACTAA
TF_A,TACCACCATTTCAAAA
TF_A,TGACATATTATCCCGA
TF_A,TGTTTCAGACCTAAAG
TF_A,TATTGATTACCTGATTGCC
TF_A,TCAATACAGAACGTC
TF_A,TGTACAAGATTGTACCTAG
TF_A,CATCGTTCTATAAAGACAC
TF_A,AAACCATGCTAGAATATACT
TF_A,GATAAACGAAGGTAAA
TF_A,TTTTCCACGTAGTCT
TF_A,AACGATGATGTAAGCTT
TF_A,CGCTTCTTACTATTAGAGT
TF_A,GTATTACCAACTGTCT
TF_A,GATAAGAAAGACTAAGCT
TF_A,AGCTACCAATATGAA
TF_A,AACAAATTAACGGTTACCAT
TF_A,GGCGGCAGTAAATTAATTA
TF_A,ATTTTCGGACCGAAT
TF_A,GAAAAATAGCATGCACA
TF_A,GATAGATAATCGGAG
TF_A,TGTCAAGCTTTGTAC
TF_A,AACATATGTACCAAGC
TF_A,GATTCCACATTAAGTGTTTA
TF_A,TAGGGCATTCTCAAAA
TF_A,TAATCCATGCCTTTCTT
TF_A,GTCCTAAGAAGCTAAGGAAA
TF_A,CCTAAATACTAGCCA
TF_A,TACACGACCTTTTTATCAC
TF_A,AGTTGGTGTAAACTTTG
TF_A,TTTGTTGATCTGTAGGA
TF_A,TTTAAGCGTACATTGA
TF_A,CCGTTTAATTGATTC
TF_A,AAGGATGGCAATCTT
TF_A,TCTGACCAAACTTTACAA
TF_A,CCTTAGATCTTACTGAAACC
TF_A,CCCCACGCTATGATTTTAAT
TF_A,TTAATGTGGGTGACGATT
TF_A,AACAGTTAGCAGTGA
TF_A,GCTGTTATAATCTAAACTG
TF_A,AACTAGGAACATTAGGCT
TF_A,ACTTTAGCGCATGGATAA
TF_A,TCATACTTCACAAGCTTCAG
TF_A,TAAGTTGAAATCCGAA
TF_A,CTACATCCAACTATATTC
TF_A,AAGGGTATACATATGG
TF_A,CAAAGACTTGTGTTT
TF_A,CTTAAGGTGACTAAAT
TF_A,GACCAAAATCGTTCAAA
TF_A,GTTAAACCCTAAACC
TF_A,TTTGTCCGATTTGGTTACA
TF_A,TAGTACTCATAACCACATAA
TF_A,ATCCCTGTTACTGCATTAA
TF_A,AAAGAAGTTGCTTAGTC
TF_A,ATCATAGTGTCTACA
TF_A,TCTCGATTTGCATTCCTA
TF_A,CTCCACCCTAAATGTTAT
TF_A,ACCCACTAAGCTGTAATA
TF_A,TTACATCTAGAAGCC
TF_A,TGGATATGATTGTACAAAC
TF_A,ATACTTAGTGTATATTCTGC
TF_A,TTTGTTATCGGCAGTA
TF_A,ATGCGAACTAGTAGTT
TF_A,AGCTGGCTATTATGTGTTCT
TF_A,CCATTTCATTACCCTTTG
TF_A,AGGAGCCATAGTATTATT
TF_A,AATGCAGACTAATACTGATA
TF_A,CAATGCATTTATGTCGAG
TF_A,TCCGAATTGAATAGATCCGA
TF_A,ACTAGACGTTACTTAG
TF_A,TCATTCTAGACATGA
TF_A,TCGTATAGTCTTACC
TF_A,AGGAAGCAATCATTAGT
TF_A,TGGCAGTAGTAATTG
TF_A,TTCCATATTGTATACGAC
TF_A,CGTTTACCCTTAGGATATAC
TF_A,AACTATTCAATGGGT
TF_A,TGACCCTTACGTAAT
TF_A,TGGATTTGGCAATCTAGA
TF_A,CCTACAAGAACTACA
TF_A,TATTAAATCCTCCTCCGTGT
TF_A,AATAGACGGTTAGCTT
TF_A,TTATTTTAACGTCGCACC
TF_A,CGAACTTCTTGAATTA
TF_A,TTACAGAAATCAGCAGAA
TF_A,ATAGCAATCTAACATCTCT
TF_A,TCAAGTTACTGCACA
TF_A,CGACTGAACTTGTATTAT
TF_A,CAAGAATAGAAAGCACTT
TF_A,CTACTTGTTGTCACAAT
TF_A,TCGTGAGTATAAAGGACA
TF_A,ATTAGGCTATAATGTTCCT
TF_B,GTAATGCTTACTAGACG
TF_B,TTCATCATGCCCAGATTCA
TF_B,GACCATAAACCCGCTTA
TF_B,AAAACGTATCCGTGTAGGG
TF_B,TGAGCTTACACAGTATAACC
TF_B,CCTGATCTTGAGCCAAAG
TF_B,AGTCGATCTGTGACA
TF_B,GACCCGTTAGGTTCGAGATA
TF_B,TATCTCCTCAAACCAAGG
TF_B,AAAGGTATGAACAGG
TF_B,AAGGTTTCACACGCCTCTT
TF_B,TCATCCTTTTAAGCGCTTC
TF_B,AGCATAGGTCTAAGT
TF_B,CGAAACATAAGTAGAAGGCC
TF_B,CTTTACTTCAACCTAGG
TF_B,GTAGCAAAGCCATTCTGC
TF_B,TTTCCTCTGAATCTTCCCT
TF_B,TTACTTATGCCATGCGAC
TF_B,GTTTCTGTTGACGAGAA
TF_B,CAAACGAATATGCATGCCC
TF_B,CTCAATCAATCACGCT
TF_B,TCGTGCTGAGTAGGTGTTGA
TF_B,CGTCTTCTTGGCCATTGTA
TF_B,TATCTCATTCCTGTACAGTG
TF_B,ACGATTAGGAGCCTTC
TF_B,GCACGCTGCAACTTAAGATC
TF_B,ATCTGATCCATCAATCCCAC
TF_B,CGTTTACAGACGTTG
TF_B,ACCTAAACCTCAAGACC
TF_B,GCAGAATATATCGGA
TF_B,CTTTCAGGTCTACTG
TF_B,GAATTAGCAGCGCAT
TF_B,TATGTGTGTAGCCATAAGTG
TF_B,TCACATTGATGGTCGAC
TF_B,TGAATAGTGAGAGTGCAC
TF_B,CACCTTTTTCCGCCTA
TF_B,ACTTGGCGATTGAGTACAAG
TF_B,CTATCGGCAAAACTTGACA
TF_B,GCTTGTTACTGTCACTC
TF_B,TGCGAAGTCCAAAAGATGT
TF_B,AGGTCTCCAGAGACATT
TF_B,AAATGGGGTTTCGGGACA
TF_B,TTCACGTAAAGCCGTCCTAC
TF_B,CAGACTATAGACCGATG
TF_B,GTCCTTTGTCACTATCC
TF_B,AAACTAGTGTAACACGAGG
TF_B,TGAAGTCTTGAATTGGCGT
TF_B,GAGTGATTTCAACGCAA
TF_B,GTAAAGACCGAAGCTCGTT
TF_B,TAGGGGTAGCCTATTGTCTC
TF_B,GACTCCCGTAGATAGTTAG
TF_B,TTCGAGGGACTGGTAATACT
TF_B,TATATCCCGACCGACAAGCA
TF_B,TGCTGCTTCGTTTAGACAA
TF_B,TCAGCACACTTGAGTAGT
TF_B,CTGGTGTTGAATAGCA
TF_B,GATACGCGATAAAGACTC
TF_B,CCCAGGTACGTATTA
TF_B,ACAGTTAGACGTAGATGC
TF_B,GCCTTGATTTTTAATGCGGT
TF_B,GTCAAGTAGGCTATGGTTA
TF_B,AATTTGTGGGTGTCT
TF_B,CTCGGGACAGTGTATT
TF_B,TCTAAATCGACTCCATCG
TF_B,TTGCGGATTTTACACC
TF_B,AGCGGTCATTGGATACCCAT
TF_B,AGAACTGGACACCAA
TF_B,TGGGGATGTCAAGTTCTGAA
TF_B,TCCCTATAAGGTCCCTTAG
TF_B,TAGCATGTGAGCGTCT
TF_B,TCGACACGTTCTTTCG
TF_B,AGAAGCTCAATCCTGAGTG
TF_B,AGATACCCGAATAGGGT
TF_B,GCATAACGAGCGGATA
TF_B,TGGTATTCCCGTCATAT
TF_B,AGTCGCAATTAGAGCA
TF_B,AGTCCTCGTGATCACATTGA
TF_B,GGGCTTAGTTGATTTTGAGT
TF_B,ATGGTAGGTCGCAAT
TF_B,TTTACTAGGTCAACG
TF_B,TGATTGGTTCTCGAT
TF_B,AACCCTGGTATCTAGCTT
TF_B,GTAAACGTCGTTCGA
TF_B,CGAGACAAAAGAGAC
TF_B,GTGTTGTGGATACTA
TF_B,GCTTGCTATTCATCG
TF_B,ACACAACCGTATTCCCAAGG
TF_B,ATTCTGGTACCACCATCAT
TF_B,ATTACACCTGATCTCGA
TF_B,CCATGAAGTTAGGGATC
TF_B,GGACGTGAAATCTTACTCG
TF_B,TTAACGGCCCAAAGTCAC
TF_B,TGACGGGAAAGAAAGG
TF_B,GCGCTGCATCAATTCATTTT
TF_B,GACCAGGGGAATATTGTAAG
TF_B,GAAGATTGCTCACGAAG
TF_B,GGTTGTTAACTCAGG
TF_B,TCTGGAATAGTAAGCCAC
TF_B,ACTCTAGTACCTGCGTAGCT
TF_B,CAAATCTGGGGTGGGAAT
TF_B,ATTGGTCTGTATTGCGATCA
TF_B,ATTTACGAATCTCCCCGG
TF_B,GACGGGGTACAATATGAC
TF_B,GGGGTTACACACTATGAT
TF_B,GACTCGTATTTGCCCTTCA
TF_B,TAACCTTCTACCCATGG
TF_B,TCATCACCCACTCAAGCA
TF_B,TCCATCCCAACTAGGTTG
TF_B,GCTACCTATGATAAGC
TF_B,GCCTGTTTCGTAAGA
TF_B,ATCCGGCGCTAAAAAGA
TF_B,GGTGTAGCCTATGTCAGT
TF_B,TCTGAGGCCTTTTTT
TF_B,GTAAGTTCCCATATGGAGCA
TF_B,CCCACTTTGCTTTCT
TF_B,GCTCTTACCATTCGTAATC
TF_B,GGTTAATCCGGGCTGATTA
TF_B,GCAACACCAACTATCCCGTA
TF_B,AAAAGCCTGCGTTACTT
TF_B,ATCATGAACAGGTGGG
TF_B,TACTCGCAACACACACAAG
TF_B,TTGATTGCGTCCATCATAC
TF_B,GTTGATCTACATCATGGC
TF_B,TTTAAGGGAAAGGAGTCAG
TF_B,GGGGGTTAACAAATCCTCCT
TF_B,TGCATCTCGAGTACGAATG
TF_B,AACTGACGGGCTTAA
TF_B,TGCAAATATCGGTGGC
TF_B,CCTCTGTTACACTGTGTTA
TF_B,TGTTAATACGCCGACAACCT
TF_B,TTGGACATGTTGAACGGC
TF_B,AATGATCGATGCCGTT
TF_B,ACGGTACGTAGTCTAGATTT
TF_B,GTGTGCATATCAACAAC
TF_B,CTGGGATTAACTATGGAAG
TF_B,GCACAGTACTAAACGGTGT
TF_B,TTAACGGAACGTCAAAACG
TF_B,AGGTAATAGACGTGG
TF_B,GATAGATCTGGTTCGAT
TF_B,AATGTCTTGACAGTCCAC
TF_B,CGCTTCGACAATCCACTAA
TF_B,GGGCCTCAGTTTTTTA
TF_B,CAATGAGGCAAATAGGGC
TF_B,AGGTCATTTAGGCACC
TF_B,GGTCCTTAAAGGATTCCTAT
TF_B,GTTAAGTCGTTGCCTGGTA
TF_B,TCCTTTTGTGGTTTGG
TF_B,CCACTTGAGATCTCAGAG
TF_B,GTTGTGTTACCCTCTG
TF_B,TGGTCGAGCTACTATTG
TF_B,TATAACCCTACACCTTGG
TF_B,AGAAGCCACATCAGAA
TF_B,TAGGACAATGGGTTAGAGGA
TF_B,ACCTCGCTTAATAGGGGGTT
TF_B,TGATGACCTCTTGCAGGA
TF_B,GTGCATCCTTACATAGA
TF_B,TATTTTCGCACGACGCT
TF_B,TGCCGACTATGTTTAACC
TF_B,TTGGTCAGGGTGTTGTTAA
TF_B,TTGACATAACCATTGGCTAG
TF_B,CCAGCACTGCACTTTGTA
TF_B,GTGGAACAGAAGGAGAAC
TF_B,CGCCCTATGTATTTG
TF_B,GATCCAAAGGATCCA
TF_B,TTGAGTCATGTCCTACTACT
TF_B,ATTCGGTACCAGACGTCT
TF_B,CGAATGATTGTTCGACA
TF_B,CAAGTGACTCAGACTGT
TF_B,AAGCTTGCGGCAAAA
TF_B,GACACCGATGTATAG
TF_B,AATGACAGGTTTGGACTCAC
TF_B,TTGATGGAGCCAAAACAGCC
TF_B,TATAGCCGTCAGCAATCA
TF_B,CGCGTAGATATTGAGGTCGT
TF_B,CCAGAGGATCGAAAT
TF_B,GCTTTACCCACATACG
TF_B,ATCCATGGAACAACT
TF_B,GAAACACGAGAATACGT
TF_B,TGCCGGCAATGAAAGTAAAG
TF_B,TATCGAATTGACAGTGGCAG
TF_B,GGGATTTTCCAAATCAGAGT
TF_B,TGACAGCATTCGTCGTAGA
TF_B,TGATAACGCTGCCGTT
TF_B,AGCTCGACCAAGGAAAA
TF_B,CATATACTCAAGCCAGGCTT
TF_B,AATATCTGTCTGGCTTC
TF_B,GGTAACAAGATCGGGCTAA
TF_B,ACCGTATCTCGATGCATA
TF_B,CGACCCTCTTATTGAG
TF_B,GTGGAACTCAAAGAC
TF_B,ACATCAGATCCTTCAC
TF_B,TCGAGGACTGACTAAATCC
TF_B,ACGACAATTTGTGGGAG
TF_B,AGGAGTCCTTGTCTCTGAA
TF_B,CTGATCTGCTTAACGCATGG
TF_B,CGCTAGTAGATCTGATGTCT
TF_B,GAGCCGCGTTAAAGTCTA
TF_B,CACGACTGCCGTGTTATATA
TF_B,TGTAGCCTAAGATGG
TF_B,TTACGTGAGCTGCAGAT
TF_B,CAGGGGTTTAGGATTT
TF_B,GGTCAATGGTTTTTG
TF_B,TTTGTTAGCAGCTGGGCA
TF_B,CTCTGAATTCGTTCACCA
TF_B,TCGTAAATCGTGTTC
TF_B,GCAAATTACCGCCTT
TF_B,ACTTTAGCCCGCTACAGA
TF_B,AACTGCGGTAGCAATCCA
TF_B,CAATCCTTCGCTATGT
TF_B,ACCGCAAAAATCCGT
TF_B,TTAGAGCTGCACTAACTC
TF_B,GATTGCATCGTTTAATCGG
TF_B,TAATTCTTCGGGACGATGT
TF_B,ACCTTCAACCAATCAGCAA
TF_B,AATGAGGACGTCCAGT
TF_B,AGACTCTCCACATAG
TF_B,GCGATTTTGCAAAGAGGCGT
TF_B,ATCGGTTATGACAAAGCTCC
TF_B,GTTAATGCCTCGTGCCTTGA
TF_B,ACGGATAAGAGACGCT
TF_B,GAGCATCCGTAATTC
TF_B,CCTGCCAGAATATACCCA
TF_B,GGGAGCTTACACACTACAA
TF_B,CTTTTTTTCTGTTGGGGGA
TF_B,TACGATCATGGTGCT
TF_B,GCCCTTGAGATTAGGTA
TF_B,GGTTATTGACTCTGTAGGGA
TF_B,AGCTCCGATGCCAACTGTAA
TF_B,TCAATCTAGGCTATCCCA
TF_B,CGTTCGTTGTGCGAAGAA
TF_B,TACTTTTCTGTCACCTGG
TF_B,GGCTGTTAGACAGTTATACT
TF_B,ACTATGTTGCCCTAGGA
TF_B,AAGGTTCCCGCTAAGACTAT
TF_B,TTTTCTCACTCGGCTGTTA
TF_B,AAGTGTGCTTTAGGTTCC
TF_B,TGAGGTTCAGTAACG
TF_B,ACCTTCGGTAAGAGAA
TF_B,GTGCTCAGACAGTTACCACA
TF_B,TACTTCCATAGGAGACCAAT
TF_B,GCCACTATTTTACGT
TF_B,TGGCGCTAAGAAAGTTC
TF_B,TTACCACGTCGTTCTCA
TF_B,CCAGTAATCTCACCTGAG
TF_B,TGAATCGCACAAATTCTTCC
TF_B,ATCGGAATTTGGTCCATGA
TF_B,CAGATTTAGGCCCATA
TF_B,TCCTTAGTGACAAAC
TF_B,CTTGACATCTTATGCGA
TF_B,CGAGTCTAAAGATGTGCATC
TF_C,GCTCGGTCGATCTTGGTGTC
TF_C,AGACAGTCCACTTTGGGG
TF_C,TGGACCGTCGTCTCGTAAT
TF_C,CGGAGATTGACTGGCACTCG
TF_C,TGCCCCGTAAAAGACTAGAG
TF_C,ACGCTCATGGGACTACACC
TF_C,CGTTGACTACGGTGGTAA
TF_C,ACGCTCTAATTTGCCGC
TF_C,GACAGCAAGGTACTCCTT
TF_C,GGGCAAGTCCGAAGTCTTT
TF_C,GCTTATCGAGTGGAG
TF_C,ATACGCGTTCACCGCT
TF_C,ACCCACCTCTGTACA
TF_C,CCGCTTAGCGTGTCTGTGT
TF_C,CTTTCTGTGCCCGTTGTCC
TF_C,TGGGTACAGGGTATCGCGT
TF_C,TGGTCCCAAAGAGGGATCT
TF_C,ATGCCGCGTGATCCAT
TF_C,AATCCCTGCTCGGTCAGGAG
TF_C,GCAGCTGTCTCGATAGACAT
TF_C,TCCTTGTATTTGGGTCGG
TF_C,AGTTCGAGACGAAGG
TF_C,TCCGTGGTCAACGAAGAGA
TF_C,GTGAAAGGGACCTATATGGC
TF_C,TGACTCCTGTCCGGGAT
TF_C,CCGAGCGGTTCAAAG
TF_C,CCGTGTGGAATATCCAGT
TF_C,GAGTAGCATCTACTCCGA
TF_C,CCTACCTTCTCCCTCTTTTG
TF_C,GAGTTTGCGGCACTTGTC
TF_C,AGCGACCCCAGAAATTGAC
TF_C,TCAACGCAAGGCTAGT
TF_C,GGTAATCGTCTTCTGGG
TF_C,GCATCCTACATGCTTC
TF_C,GAGAGAAAAGTTCGCTCG
TF_C,AAAGCGACGGGGTTCAC
TF_C,ATCGAATGCGCGAAGTGGTT
TF_C,GCCCATGCAATGTACG
TF_C,GCAGGAGTCAGTCTTATCCG
TF_C,CTGCTCTGTCCATACCAC
TF_C,ACATGGCACTGTCAACC
TF_C,CCGAAACCGACGTTCGTGCT
TF_C,ACGGAATGGGTGTATGGC
TF_C,CCCATTTACGGTATGGGTTG
TF_C,AGGGAAGTGGTCCGTATCT
TF_C,GTTTCCGGCAGAGCATCTTC
TF_C,GACCTGCCTCGGAAAT
TF_C,ACGCCTACTGTAGTC
TF_C,CCGAATACTGGTTACGAGC
TF_C,TGAGCCGTGATGTATGG
TF_C,ACTTTGAGGGAGGCGCTT
TF_C,GAACAGGGTTAACCGTCA
TF_C,CAAGAAGTGGTCAGC
TF_C,CCCTTCTGTCTCACGCCAT
TF_C,GGTAGAGAGTCATTTCCACC
TF_C,GCCCCCATACGACTA
TF_C,GAGGTACTCAGCATG
TF_C,CGTGGCCATCTCAGTTTC
TF_C,TCCCCTCCGGTTCTTAACG
TF_C,GTGAGCTAGCTCTCGATA
TF_C,TGGGGGCAAATGTCTGCA
TF_C,GGTTTGAGTTCGTGTCCGA
TF_C,ACCGCGGATAATCACGG
TF_C,GTGGATCACCAAACTG
TF_C,TCCTTCGCCTGTCATA
TF_C,ACGTCCTCAATGAGGCT
TF_C,TTAGGCCCATCACGTGT
TF_C,GTAAGACGCATCAAGCTTCC
TF_C,TCTGTCCTTGCAAGCGCTCA
TF_C,GGTGGAACCTTCAAG
TF_C,TAGACCGTGACTATGAGC
TF_C,TGGGAGAGACGCTAACT
TF_C,TTGAGGCCGAAAACTCCGCC
TF_C,AAAGGTTGAGACGGCCCTG
TF_C,GGGAGCGATCTCGGTCCTAT
TF_C,GTCTAAGGCCTCCATT
TF_C,TACTTAAGCCACCCTG
TF_C,CCCATCTAGCTGTAACTCAG
TF_C,CCTGAAGCATCAGATGCTCT
TF_C,CTATTCTCAGGAATCGCCCG
TF_C,CGTTGCCACTCGTGCCAGAA
TF_C,AACGGGGTGCAAAACCC
TF_C,AGTAACTGCGTTGAGG
TF_C,TATGGCAGGGGAAACA
TF_C,TGTCGAGGAAGCCGTAC
TF_C,GTCTCTCCTCCGCTACAA
TF_C,TCATCGTTCGGAGGGTGT
TF_C,CAGGACACGAATGTTG
TF_C,TCCTGTAGGCGTTTTGCG
TF_C,CGACAGCTGACTATGG
TF_C,GCGAATGTGGGTGTCCA
TF_C,CCTTGTGGGTATCGCTA
TF_C,TACAGGGACGGCCTTTG
TF_C,GTGAGTTGGTTAGCTG
TF_C,CGGGACATTCAAACCGC
TF_C,AGCGAGAGTGGCTTTA
TF_C,CTTCCCCGTGCAAGGGTTTA
TF_C,CGATGAACAGATCCTGCC
TF_C,TGGGTACACGTTCTGGA
TF_C,ACGTGACGATGAGAGCGAGG
TF_C,CCAGATTCAGCAACGCCCT
TF_C,GCCATTCCCGTGGTA
TF_C,GGTGTACCTTGGTAACTGTG
TF_C,CAAGGCCGCAGCATAA
TF_C,CTTGGGTGCTGATCC
TF_C,GTGCTGCGCGTTTTTCGAT
TF_C,GTTCGTAAGGCCGAT
TF_C,CATGCATGTGCCCTCGTA
TF_C,ACTTTCGAGATGGTTGCCG
TF_C,TGATCATGATACGCGGGT
TF_C,AGTGCAATGGTGAACACC
TF_C,ATGATGGACCTTGGCTGTC
TF_C,GGGTCCGTCATAAGGT
TF_C,GGAAATCGGGTGGAACT
TF_C,GCCGGGTAGTAAAGACCT
TF_C,GCGGTAACGAATTCGG
TF_C,TCCTCTTGTGGGCGTGT
TF_C,TAGAGCTAGCTGTGCG
TF_C,ATAAGCACTAGGTGACGGGT
TF_C,GGACTACATCTCACGGAC
TF_C,TCTACGCAGAGCGAT
TF_C,GAGGCATAACAAGGCT
TF_C,TACTCGAAGCACTACCCCT
TF_C,CCGATCTAGAAGGACG
TF_C,GTTGTGCAGCGTGATCCTA
TF_C,CGCGGAAAGGTCGACTTTTA
TF_C,CCTAGCGACTAGCGCAAAGT
TF_C,AGAGCGAGTAGAGCTTACAG
TF_C,TACCATCGAGGCGATA
TF_C,TAATTGGGAGCGTATCCC
TF_C,TCTAAGGACTACGTGGCA
TF_C,GTTGCCTGGCAACCGTTAGG
TF_C,GGAAGCGTTACTTCCTAG
TF_C,GTGAGATCCGTTAGCG
TF_C,GACCGTAGGACTGACCT
TF_C,CAATTCTAGCGCTAGCG
TF_C,GCACTCGGGCGACGAGTTAT
TF_C,ATTTTCACATGGCCCTGC
TF_C,GACGCCCAAACGGTTGA
TF_C,GGGTCTTCTTCTGGGA
TF_C,TCCTTCCATAGCGCC
TF_C,ACGTGCGATTCACTC
TF_C,ACACCCAAGAGGGTT
TF_C,GCCTAGTGCCAAAGG
TF_C,GTCCAATAAGCGCAGCCGTC
TF_C,AGTAGTGGGGATCCGAG
TF_C,TAGCGCAACGGTCACTACTT
TF_C,ACAGTGGCATGTACGA
TF_C,TTTGGTTCCCCTGAG
TF_C,ATCTGACGCAGGTACAGGT
TF_C,GCACACGACAAAACAG
TF_C,GGCAGCTTAGGCCTTACT
TF_C,CCTCGGGTCTAGTTGAA
TF_C,TAATGGGAACTGGCGGC
TF_C,AAATCAGACTCGCACG
TF_C,TGCAGCGCCATAGCAAT
TF_C,GAGGATCCGGTGTAGACT
TF_C,TGGGCTCCTACAGTA
TF_C,TTAGACGTCCTCGTGGTAG
TF_C,ATTGTCCGGCTTATCCGA
TF_C,CTAGCACTGTCTCCCT
TF_C,GGGCTTCCCTCCGATCAGAT
TF_C,AAAGACCTCTCGGGC
TF_C,TGAACGCGACCCTAA
TF_C,GCGACGTCGCATAATCC
TF_C,GTAGGCCCGGATTCCAT
TF_C,CGGACGGTATAATCGGCAG
TF_C,CGACTCTTGGGTTAGAG
TF_C,TCTTCTAATATGCGGGCG
TF_C,ATGCGTCATCGGGATCG
TF_C,AGAGCAGGGATTTCGC
TF_C,AGTGTCAGGGCCTCAGTGTG
TF_C,CGACAATATGGACGC
TF_C,CCGCACATGAGGAAA
TF_C,CGTCTCGCAATTCCCCTTGC
TF_C,ACGTTCCGGGCAAAAGG
TF_C,GACGGCAACCAGAACTCA
TF_C,GGAGTGCTTCTCGTGGTGT
TF_C,TTATCCGAGATCTGACACCG
TF_C,ACCACGGTCTTCGAGT
TF_C,GGCCTGACAAAATGTC
TF_C,ATGAAGTGCGGGGCAAGCAG
TF_C,CTGGATTCGGAGGAG
TF_C,TAACCCACCAGGGCGATATG
TF_C,GTAAGCGAACGCCGATAAC
TF_C,ACTTGCGACAGTCGATCCCG
TF_C,GCTGTGACAGCATGCA
TF_C,ACTTGGCCTTTCTAGG
TF_C,AACGACTCGGGCATTAGCC
TF_C,GCGGCCTCGTTTTCCTTT
TF_C,TAAGTGCGCAAGGCG
TF_C,AGAGCTATACGGGCT
TF_C,CGTCGATGTAGCCACTACAA
TF_C,GAATCCCCGATGCGTAT
TF_C,AGAAAGATCCAGCGC
TF_C,CAATGCTAGAGCTGCCA
TF_C,TACGCGAAGGCGTCT
TF_C,GGATGCCAAAGTGGACTCA
TF_C,ATACTCCCGAGCCATGTAC
TF_C,ATCTAGGGGGCAATGGTTTG
TF_C,GAGCCCATTGATTCAC
TF_C,TGCACGCTTCGGCTT
TF_C,ACGACGACCGTATGTT
TF_C,GAGACAGACGTGATGTTC
TF_C,TGGTTACGACGCCGAATGT
TF_C,GGAAGCTAACAACGACGC
TF_C,CAGCGAAGCATTGAC
TF_C,GCGGTTACTAAGCTAG
TF_C,AACGATACTGCCTCCAC
TF_C,TTATAACCTTCGGGCTGC
TF_C,CACCCTTTACTGGTGGGTTG
TF_C,ATCTTCCCCCCTTCTCG
TF_C,ATCTATGCCCGATCTTCGC
TF_C,ATGTACCGCGATTCC
TF_C,TCCAGCTGATCGCTAAC
TF_C,CGTTCTGAGATTACCG
TF_C,TCGTCGTTCGTCTGA
TF_C,TCGCGAATTCGGAGA
TF_C,AGTCGTGGCGGCTGTAA
TF_C,TTTCCCCTGTAGCCAACT
TF_C,CTGCGTGTTTAGAAAGGCAG
TF_C,CATCCTTGGATAGTCC
TF_C,CGAGCCAGACACGTAATA
TF_C,TGTCGGTCTCCCATTA
TF_C,TCCGGGCACGTGATGTGAT
TF_C,ATGCTCCAATAGTGGG
TF_C,GCACGCGCAGATCGTTA
TF_C,ACCTCAAGTATCCCAGGG
TF_C,GGGCACGTATCAAAG
TF_C,TAGCGAATGGCGCTGCTTC
TF_C,CAAGCCCAACCGTTGTGA
TF_C,CAAGATCGGCCTTCAG
TF_C,CGTGTTGCCGCATATGATG
TF_C,CCAGGACGGTCATGA
TF_C,TGCTCACTGGGCTTTT
TF_C,CGTAACACTCACCGG
TF_C,TCCAGATGGAGGCCTACAC
TF_C,GGATATCTCGAGATCCCACT
TF_C,GTGAACTTCCTGGAG
TF_C,GCGATCGTAATGGTTG
TF_C,GTGCATCGAATTCCGGGAG
TF_C,ATATCAGCGCCTGCCAAAC
TF_C,TGCTAGGTAGACGGCT
TF_C,ACTATGAGCAACGGCC
TF_C,AGAGTCGTTCGTCCTCTCC
TF_C,GGAAAGGGAGTTCAGTCTG
TF_C,CCACATGCCAGCTAACTT
TF_C,ATCACCGCCCTTGTTTGTTG
TF_C,CGAGGCTATTGTGTGG
TF_C,GTGTCCATCGTGATGAGCAC
