rank,sequence,score_soxR,score_cpxR
1,TAATTCTTTACGCAAACTTAAGGTAAAG,-460773.0,-151320.0
2,TAATACTTTACGCAAACTTAAGGTAAAG,-457412.0,-151366.0
3,TAAATCTTTACGCAAACTTAAGGTAAAG,-457412.0,-151366.0
4,TAATACTTTACCCAAACTTAAGGTAAAG,-456783.0,-148793.0
5,TAATTCTTTACCCAAACTTAAGGTAAAG,-460144.0,-148747.0
6,TAAAACTTTACGCAAACTTAAGGTAAAG,-454051.0,-151412.0
7,TAAATCTTTACCCAAACTTAAGGTAAAG,-456783.0,-148793.0
8,TAAAACTTTACCCAAACTTAAGGTAAAG,-453422.0,-148839.0
9,TAATTCTTTACGTTAACTTAAGGTTAAG,-463982.0,-147823.0
10,TAAAACTTTAAGCAAACTTAAGATAAAG,-439674.0,-148007.0
11,TAAATCTTTAAGCAAACTTAAGATAAAG,-443035.0,-147961.0
12,TAATTCTTTAACCAAACTTAAGATAAAG,-445767.0,-145342.0
13,TAAAACTTTAACCAAACTTAAGATAAAG,-439045.0,-145434.0
14,TAATTCTTTAAGCAAACTTAAGATAAAG,-446396.0,-147915.0
15,TAATACTTTAACCAAACTTAAGATAAAG,-442406.0,-145388.0
16,TAATACTTTAAGCAAACTTAAGATAAAG,-443035.0,-147961.0
17,TAAATCTTTAACCAAACTTAAGATAAAG,-442406.0,-145388.0
