codon,amino_acid,fraction,frequency
AAA,K,0.73,33.2
AAC,N,0.53,24.4
AAG,K,0.27,12.1
AAT,N,0.47,21.9
CAA,Q,0.3,12.1
CAC,H,0.45,13.1
CAG,Q,0.7,27.7
CAT,H,0.55,15.8
GAA,E,0.7,43.7
GAC,D,0.35,20.5
GAG,E,0.3,18.4
GAT,D,0.65,37.9
TAA,*,0.64,1.8
TAC,Y,0.47,14.6
TAG,*,-,-
TAT,Y,0.53,16.8
ACA,T,0.13,6.4
ACC,T,0.47,22.8
ACG,T,0.24,11.5
ACT,T,0.16,8
CCA,P,0.14,6.6
CCC,P,0.13,6.4
CCG,P,0.55,26.7
CCT,P,0.17,8.4
GCA,A,0.21,21.1
GCC,A,0.31,31.6
GCG,A,0.38,38.5
GCT,A,0.11,10.7
TCA,S,0.15,7.8
TCC,S,0.11,5.5
TCG,S,0.16,8
TCT,S,0.11,5.7
AGA,R,0.02,1.4
AGC,S,0.33,16.6
AGG,R,0.03,1.6
AGT,S,0.14,7.2
CGA,R,0.07,4.3
CGC,R,0.44,26
CGG,R,0.07,4.1
CGT,R,0.36,21.1
GGA,G,0.13,9.2
GGC,G,0.46,33.4
GGG,G,0.12,8.6
GGT,G,0.29,21.3
TGA,*,0.36,1
TGC,C,0.58,8
TGG,W,1,10.7
TGT,C,0.42,5.9
ATA,I,0.07,3.7
ATC,I,0.35,18.2
ATG,M,1,24.8
ATT,I,0.58,30.5
CTA,L,0.05,5.3
CTC,L,0.1,10.5
CTG,L,0.46,46.9
CTT,L,0.12,11.9
GTA,V,0.17,11.5
GTC,V,0.18,11.7
GTG,V,0.4,26.4
GTT,V,0.25,16.8
TTA,L,0.15,15.2
TTC,F,0.43,15
TTG,L,0.12,11.9
TTT,F,0.57,19.7
